<?xml version="1.0" encoding="UTF-8"?>

<!--
  ~ Licensed to the Apache Software Foundation (ASF) under one
  ~ or more contributor license agreements.  See the NOTICE file
  ~ distributed with this work for additional information
  ~ regarding copyright ownership.  The ASF licenses this file
  ~ to you under the Apache License, Version 2.0 (the
  ~ "License"); you may not use this file except in compliance
  ~ with the License.  You may obtain a copy of the License at
  ~
  ~   http://www.apache.org/licenses/LICENSE-2.0
  ~
  ~ Unless required by applicable law or agreed to in writing,
  ~ software distributed under the License is distributed on an
  ~ "AS IS" BASIS, WITHOUT WARRANTIES OR CONDITIONS OF ANY
  ~ KIND, either express or implied.  See the License for the
  ~ specific language governing permissions and limitations
  ~ under the License.
  -->
<!-- START SNIPPET: ant-mojo -->
<pluginMetadata
    xmlns:xsi="http://www.w3.org/2001/XMLSchema-instance"
    xmlns="http://maven.apache.org/PLUGIN-METADATA/1.1.0"
    xsi:schemaLocation="http://maven.apache.org/PLUGIN-METADATA/1.1.0 http://maven.apache.org/xsd/plugin-metadata-1.1.0.xsd">
  <mojos>
    <mojo>
      <!-- target name to call in ant script -->
      <call>touch-file</call>
      <!-- mojo goal name -->
      <goal>touch</goal>
      <parameters>
        <parameter>
          <name>name</name>
          <expression>${name}</expression>
          <required>true</required>
          <readonly>false</readonly>
          <type>java.lang.String</type>
        </parameter>
      </parameters>
    </mojo>
  </mojos>
</pluginMetadata>
<!-- END SNIPPET: ant-mojo -->
