<?xml version="1.0" encoding="UTF-8"?>

<!--
Licensed to the Apache Software Foundation (ASF) under one
or more contributor license agreements.  See the NOTICE file
distributed with this work for additional information
regarding copyright ownership.  The ASF licenses this file
to you under the Apache License, Version 2.0 (the
"License"); you may not use this file except in compliance
with the License.  You may obtain a copy of the License at

  http://www.apache.org/licenses/LICENSE-2.0

Unless required by applicable law or agreed to in writing,
software distributed under the License is distributed on an
"AS IS" BASIS, WITHOUT WARRANTIES OR CONDITIONS OF ANY
KIND, either express or implied.  See the License for the
specific language governing permissions and limitations
under the License.
-->

<project xmlns="http://maven.apache.org/DECORATION/1.0.0"
  xmlns:xsi="http://www.w3.org/2001/XMLSchema-instance"
  xsi:schemaLocation="http://maven.apache.org/DECORATION/1.0.0 http://maven.apache.org/xsd/decoration-1.0.0.xsd">

  <bannerLeft>
    <src>http://maven.apache.org/images/apache-maven-project.png</src>
    <href>http://www.apache.org/</href>
  </bannerLeft>

  <bannerRight>
    <src>http://maven.apache.org/images/maven-logo-black-on-white.png</src>
    <href>http://maven.apache.org/</href>
  </bannerRight>
  <skin>
    <groupId>org.apache.maven.skins</groupId>
    <artifactId>maven-fluido-skin</artifactId>
    <version>1.6</version>
  </skin>

  <custom>
    <fluidoSkin>
      <sourceLineNumbersEnabled>true</sourceLineNumbersEnabled>
      <googlePlusOne />
      <googleSearch>
        <sitesearch/>
      </googleSearch>
    </fluidoSkin>
  </custom>

  <body>
    <menu name="Overview">
      <item name="Introduction" href="index.html"/>
      <item name="Goals" href="plugin-info.html"/>
      <item name="Usage" href="usage.html"/>
      <item name="FAQ" href="faq.html"/>
      <!-- According to https://issues.apache.org/jira/browse/MNGSITE-152 -->
      <item name="License" href="http://www.apache.org/licenses/"/>
      <item name="Download" href="download.html"/>
    </menu>
    <menu name="Examples">
      <item name="Selecting Contents for Uber JAR" href="examples/includes-excludes.html"/>
      <item name="Relocating Classes" href="examples/class-relocation.html"/>
      <item name="Attaching the Shaded Artifact" href="examples/attached-artifact.html"/>
      <item name="Executable JAR" href="examples/executable-jar.html"/>
      <item name="Resource Transformers" href="examples/resource-transformers.html"/>
      <item name="Using another Shader implementation" href="examples/use-shader-other-impl.html"/>
    </menu>
  </body>
</project>
