<?xml version="1.0" encoding="UTF-8"?>
<!--
Licensed to the Apache Software Foundation (ASF) under one
or more contributor license agreements.  See the NOTICE file
distributed with this work for additional information
regarding copyright ownership.  The ASF licenses this file
to you under the Apache License, Version 2.0 (the
"License"); you may not use this file except in compliance
with the License.  You may obtain a copy of the License at

  http://www.apache.org/licenses/LICENSE-2.0

Unless required by applicable law or agreed to in writing,
software distributed under the License is distributed on an
"AS IS" BASIS, WITHOUT WARRANTIES OR CONDITIONS OF ANY
KIND, either express or implied.  See the License for the
specific language governing permissions and limitations
under the License.
-->

<document>
  <properties>
    <title>Doxia FO Module - Index</title>
    <author email="ltheussl@apache.org">Lukas Theussl</author>
  </properties>

  <body>
    <section name="Doxia FO Module">

      <p>
        This is a <a href="https://maven.apache.org/doxia/">Doxia</a> module
        for <a href="http://www.w3.org/TR/xsl/">XSL Formatting Objects</a>.
      </p>
      <p>
        Currently only a sink is available, ie you can generate FO files
        either programmatically or by converting from any other
        <a href="https://maven.apache.org/doxia/references/index.html">input format</a>
        supported by Doxia, but you cannot parse them.
      </p>
      <p>
        The generated FO files can then be converted into other formats,
        eg pdf, using <a href="http://xmlgraphics.apache.org/fop/">Apache Fop</a>.
        Check out the <a href="usage.html">usage</a> examples.
      </p>

      <subsection name="Current limitations">
        <ul>
          <li>Table captions not implemented</li>
          <li>Table width is fixed and column widths are uniformly distributed</li>
        </ul>
      </subsection>

    </section>

  </body>
</document>