<component-set>
  <components>
    <component>
      <role>org.codehaus.modello.core.ModelloCore</role>
      <implementation>org.codehaus.modello.core.DefaultModelloCore</implementation>
      <instantiation-strategy>per-lookup</instantiation-strategy>
      <requirements>
        <requirement>
          <role>org.codehaus.modello.core.MetadataPluginManager</role>
        </requirement>
        <requirement>
          <role>org.codehaus.modello.core.GeneratorPluginManager</role>
        </requirement>
      </requirements>
    </component>
    <component>
      <role>org.codehaus.modello.core.MetadataPluginManager</role>
      <implementation>org.codehaus.modello.core.DefaultMetadataPluginManager</implementation>
      <instantiation-strategy>per-lookup</instantiation-strategy>
      <requirements>
        <requirement>
          <field-name>plugins</field-name>
          <role>org.codehaus.modello.metadata.MetadataPlugin</role>
        </requirement>
      </requirements>
    </component>
    <component>
      <role>org.codehaus.modello.core.GeneratorPluginManager</role>
      <implementation>org.codehaus.modello.core.DefaultGeneratorPluginManager</implementation>
      <instantiation-strategy>per-lookup</instantiation-strategy>
      <requirements>
        <requirement>
          <field-name>plugins</field-name>
          <role>org.codehaus.modello.plugin.ModelloGenerator</role>
        </requirement>
      </requirements>
    </component>

    <component>
      <role>org.codehaus.modello.metadata.MetadataPlugin</role>
      <role-hint>model</role-hint>
      <implementation>org.codehaus.modello.plugin.model.ModelMetadataPlugin</implementation>
    </component>
  </components>
</component-set>
