<?xml version="1.0" encoding="UTF-8"?>
<project xmlns="http://maven.apache.org/DECORATION/1.0.0" xmlns:xsi="http://www.w3.org/2001/XMLSchema-instance" xsi:schemaLocation="http://maven.apache.org/DECORATION/1.0.0 http://maven.apache.org/xsd/decoration-1.0.0.xsd">
  <body>
    <menu name="Overview">
      <item name="Introduction" href="index.html"/>
      <item name="Goals" href="plugin-info.html"/>
      <item name="Usage" href="usage.html"/>
      <item name="FAQ" href="faq.html"/>
    </menu>

    <menu name="Examples">
      <item name="Running Java programs with exec:exec" href="examples/example-exec-for-java-programs.html"/>
      <item name="Changing the classpath scope when running Java programs" href="examples/example-exec-or-java-change-classpath-scope.html"/>
      <item name="Using plugin dependencies with exec:exec" href="examples/example-exec-using-plugin-dependencies.html"/>
      <item name="Using toolchains with exec:exec" href="examples/example-exec-using-toolchains.html"/>
      <item name="Using executable binary dependencies instead of local executables" href="examples/example-exec-using-executabledependency.html"/>
    </menu>
  </body>
</project>
