<component-set>
  <components>
    <component>
      <role>org.codehaus.modello.plugin.ModelloGenerator</role>
      <role-hint>stax-reader</role-hint>
      <implementation>org.codehaus.modello.plugin.stax.StaxReaderGenerator</implementation>
      <instantiation-strategy>per-lookup</instantiation-strategy>
    </component>
    <component>
      <role>org.codehaus.modello.plugin.ModelloGenerator</role>
      <role-hint>stax-writer</role-hint>
      <implementation>org.codehaus.modello.plugin.stax.StaxWriterGenerator</implementation>
      <instantiation-strategy>per-lookup</instantiation-strategy>
      <requirements>
        <requirement>
          <field-name>serializerGenerator</field-name>
          <role>org.codehaus.modello.plugin.stax.StaxSerializerGenerator</role>
          <role-hint>stax-serializer</role-hint>
        </requirement>
      </requirements>
    </component>
    <component>
      <role>org.codehaus.modello.plugin.stax.StaxSerializerGenerator</role>
      <role-hint>stax-serializer</role-hint>
      <implementation>org.codehaus.modello.plugin.stax.StaxSerializerGenerator</implementation>
      <instantiation-strategy>per-lookup</instantiation-strategy>
    </component>
  </components>
</component-set>
