<?xml version="1.0" encoding="UTF-8"?>

<!--
/*
 * Licensed to the Apache Software Foundation (ASF) under one
 * or more contributor license agreements.  See the NOTICE file
 * distributed with this work for additional information
 * regarding copyright ownership.  The ASF licenses this file
 * to you under the Apache License, Version 2.0 (the
 * "License"); you may not use this file except in compliance
 * with the License.  You may obtain a copy of the License at
 *
 *   http://www.apache.org/licenses/LICENSE-2.0
 *
 * Unless required by applicable law or agreed to in writing,
 * software distributed under the License is distributed on an
 * "AS IS" BASIS, WITHOUT WARRANTIES OR CONDITIONS OF ANY
 * KIND, either express or implied.  See the License for the
 * specific language governing permissions and limitations
 * under the License.
 */
 -->

<project name="Doxia" xmlns="http://maven.apache.org/DECORATION/1.0.0" xmlns:xsi="http://www.w3.org/2001/XMLSchema-instance"
  xsi:schemaLocation="http://maven.apache.org/DECORATION/1.0.0 https://maven.apache.org/xsd/decoration-1.0.0.xsd">

  <bannerRight>
    <name>Doxia</name>
    <src>https://maven.apache.org/doxia/images/doxia-logo.png</src>
    <href>https://maven.apache.org/doxia/</href>
  </bannerRight>

  <body>

    <breadcrumbs>
      <item name="Doxia" href="https://maven.apache.org/doxia/index.html"/>
      <item name="Doxia base" href="https://maven.apache.org/doxia/doxia/index.html"/>
    </breadcrumbs>

    <menu name="Overview">
      <item name="Introduction" href="index.html"/>
      <!-- According to https://issues.apache.org/jira/browse/MNGSITE-152 -->
      <item name="License" href="http://www.apache.org/licenses/"/>
      <item name="Download" href="download.html"/>
    </menu>

    <menu ref="modules"/>

    <menu ref="reports"/>

  </body>
</project>
