<?xml version="1.0" encoding="ISO-8859-1"?>

<!--

 Licensed under the Apache License, Version 2.0 (the "License");
 you may not use this file except in compliance with the License.
 You may obtain a copy of the License at

      http://www.apache.org/licenses/LICENSE-2.0

 Unless required by applicable law or agreed to in writing, software
 distributed under the License is distributed on an "AS IS" BASIS,
 WITHOUT WARRANTIES OR CONDITIONS OF ANY KIND, either express or implied.
 See the License for the specific language governing permissions and
 limitations under the License.
-->

<project xmlns="http://maven.apache.org/DECORATION/1.0.0" xmlns:xsi="http://www.w3.org/2001/XMLSchema-instance" xsi:schemaLocation="http://maven.apache.org/DECORATION/1.0.0 http://maven.apache.org/xsd/decoration-1.0.0.xsd">
  <custom>
    <fluidoSkin>
      <googleSearch>
        <sitesearch>www.mojohaus.org</sitesearch>
      </googleSearch>
      <ohloh>
        <projectId>5211</projectId>
        <widget>thin-badge</widget>
      </ohloh>
      <gitHub>
        <projectId>mojohaus/${project.artifactId}</projectId>
        <ribbonOrientation>right</ribbonOrientation>
        <ribbonColor>gray</ribbonColor>
      </gitHub>
    </fluidoSkin>
  </custom>
  <body>
    <menu name="Overview">
      <item name="Introduction" href="index.html"/>
      <item name="Goals" href="plugin-info.html"/>
      <item name="Usage" href="usage.html"/>
    </menu>
  </body>
</project>
